{"loss":{"0":0.8922046423,"1":0.8148767948,"2":0.7938421369,"3":0.7855737805,"4":0.7782856226,"5":0.7783330083,"6":0.7711960673,"7":0.7693753839,"8":0.7689801455,"9":0.7679771781,"10":0.7666447163,"11":0.7635353208,"12":0.7624043226,"13":0.7613279223,"14":0.760605514,"15":0.759232223,"16":0.7584373951,"17":0.7565472126,"18":0.7545389533,"19":0.753371954,"20":0.7521879077,"21":0.7491366863,"22":0.7473537922,"23":0.7462530136,"24":0.745266974,"25":0.7416346669,"26":0.740028739,"27":0.7366499901,"28":0.7325721979,"29":0.7293428183},"mse":{"0":0.8722397685,"1":0.7367635965,"2":0.6983271241,"3":0.6868495941,"4":0.6769490838,"5":0.670641005,"6":0.6636320353,"7":0.6611462235,"8":0.6580364108,"9":0.6559649706,"10":0.654109478,"11":0.6525726318,"12":0.649872601,"13":0.6473823786,"14":0.6460927725,"15":0.643850565,"16":0.6421940327,"17":0.6409860849,"18":0.6389218569,"19":0.6369488835,"20":0.6348635554,"21":0.631254375,"22":0.6276608109,"23":0.6259953976,"24":0.6228263974,"25":0.6184669733,"26":0.6157770753,"27":0.6110630631,"28":0.6069498062,"29":0.6026105285},"mae":{"0":0.5672313571,"1":0.5187607408,"2":0.5057563186,"3":0.500654459,"4":0.4965180457,"5":0.4940250814,"6":0.4907678664,"7":0.4896131754,"8":0.4878824949,"9":0.4866474271,"10":0.4859616458,"11":0.4846210778,"12":0.4836273789,"13":0.4825999737,"14":0.4815063477,"15":0.4802533388,"16":0.4794365466,"17":0.4781489372,"18":0.4772320986,"19":0.4753885269,"20":0.4737745821,"21":0.4707766771,"22":0.4679168463,"23":0.4654383957,"24":0.4637898803,"25":0.4613971412,"26":0.4581239522,"27":0.4545059502,"28":0.4507966638,"29":0.4486033618},"val_loss":{"0":0.8225601315,"1":0.7884968519,"2":0.7726909518,"3":0.7889310122,"4":0.7621236444,"5":0.7901397943,"6":0.7628881335,"7":0.7423032522,"8":0.7772907615,"9":0.7387590408,"10":0.7410686016,"11":0.7410024405,"12":0.74404037,"13":0.7400822043,"14":0.7325270176,"15":0.7323408723,"16":0.7383376956,"17":0.7325966358,"18":0.7431092858,"19":0.7254471779,"20":0.7259001136,"21":0.7232398987,"22":0.7639831901,"23":0.7239029408,"24":0.7206226587,"25":0.7141026855,"26":0.7088319659,"27":0.7097355723,"28":0.6966825724,"29":0.6976301074},"val_mse":{"0":0.7376409769,"1":0.678184092,"2":0.6535633802,"3":0.6772158146,"4":0.6365483999,"5":0.6807571054,"6":0.6402573586,"7":0.6076835394,"8":0.6594291329,"9":0.6028341651,"10":0.6063341498,"11":0.606040597,"12":0.610152781,"13":0.6059589386,"14":0.5953161716,"15":0.5931758285,"16":0.6018545032,"17":0.594275713,"18":0.6104542017,"19":0.5844250321,"20":0.5858139396,"21":0.5825269222,"22":0.6405877471,"23":0.5832988024,"24":0.5791611075,"25":0.5686451793,"26":0.5627266765,"27":0.5636755824,"28":0.5466158986,"29":0.5472243428},"val_mae":{"0":0.5313389897,"1":0.5133869648,"2":0.4970882535,"3":0.5087767243,"4":0.4944373369,"5":0.499699682,"6":0.481087178,"7":0.4749129713,"8":0.4920577109,"9":0.473587364,"10":0.4754063785,"11":0.473287642,"12":0.4769570529,"13":0.4751312733,"14":0.4720597267,"15":0.4673243761,"16":0.4690397084,"17":0.4726341665,"18":0.4701053202,"19":0.4629655182,"20":0.4629122615,"21":0.4569990933,"22":0.4754522443,"23":0.4541181922,"24":0.4530128539,"25":0.4478489757,"26":0.4414721727,"27":0.4398028255,"28":0.4339849949,"29":0.4373217821}}