{"loss":{"0":0.8006074429,"1":0.7582796812,"2":0.7445884943,"3":0.7350512147,"4":0.7281505466,"5":0.7217822075,"6":0.712891221,"7":0.7056232095,"8":0.7002888322,"9":0.6957417727,"10":0.6906581521,"11":0.6811974645,"12":0.6739355326,"13":0.6701030135,"14":0.6663705707,"15":0.6635617018,"16":0.6584822536,"17":0.6543284655,"18":0.6516569257,"19":0.6499284506,"20":0.6489371061,"21":0.6474981308,"22":0.6454942822,"23":0.645822525,"24":0.6463834047,"25":0.6451759338,"26":0.644348979,"27":0.6427525282,"28":0.6420674324,"29":0.6426065564,"30":0.6404278874,"31":0.6412562728,"32":0.6401408911,"33":0.640126586,"34":0.6395645738,"35":0.6391323209,"36":0.6388874054,"37":0.6391393542,"38":0.6374111772,"39":0.6388554573,"40":0.6368143559,"41":0.6373727918,"42":0.6372491717,"43":0.6363571882,"44":0.6368261576,"45":0.6360817552,"46":0.6365417242,"47":0.6340815425,"48":0.6361120343,"49":0.6338259578,"50":0.634861052,"51":0.6346232891,"52":0.6342329383,"53":0.6346963048,"54":0.6344505548,"55":0.632640481,"56":0.6344223619,"57":0.6336597204,"58":0.6337647438,"59":0.6338160038},"mse":{"0":0.7351207733,"1":0.6683641076,"2":0.6447111368,"3":0.6319490671,"4":0.6207509041,"5":0.606914103,"6":0.5942376256,"7":0.5838989615,"8":0.5758330822,"9":0.5696473718,"10":0.5636854768,"11":0.5521916151,"12":0.5428190827,"13":0.535816133,"14":0.5319493413,"15":0.5285158753,"16":0.5214828253,"17":0.5186787844,"18":0.5144957304,"19":0.5125095844,"20":0.5110654235,"21":0.5089151263,"22":0.5073346496,"23":0.5068705082,"24":0.5054324865,"25":0.5044071078,"26":0.5031423569,"27":0.5024732947,"28":0.5016133785,"29":0.5021141768,"30":0.5002302527,"31":0.5007362366,"32":0.4998606443,"33":0.4993087351,"34":0.4986212552,"35":0.4973513186,"36":0.4981635511,"37":0.497430563,"38":0.4961567521,"39":0.4969733357,"40":0.4959397018,"41":0.4965851605,"42":0.4964221716,"43":0.4952919483,"44":0.495637387,"45":0.4943003058,"46":0.4949061871,"47":0.4931854606,"48":0.4943769872,"49":0.4929821193,"50":0.49373281,"51":0.4935161471,"52":0.4932272732,"53":0.4930752218,"54":0.4933530092,"55":0.4922066927,"56":0.4933335483,"57":0.4921605885,"58":0.4925110042,"59":0.4915152192},"mae":{"0":0.5189780593,"1":0.4921741486,"2":0.4835674167,"3":0.4772253335,"4":0.4716485739,"5":0.46607548,"6":0.4585035443,"7":0.4521684647,"8":0.4465929568,"9":0.4426005185,"10":0.4381510317,"11":0.4295196831,"12":0.4238484502,"13":0.4203947783,"14":0.4177410603,"15":0.4151762426,"16":0.4113520086,"17":0.4095374048,"18":0.4074724615,"19":0.4058470428,"20":0.405438602,"21":0.4044554234,"22":0.4035301507,"23":0.402718544,"24":0.4024745226,"25":0.4019628167,"26":0.4010342658,"27":0.3999979198,"28":0.399528712,"29":0.3995165527,"30":0.3984397948,"31":0.3987274766,"32":0.3982186615,"33":0.3976557255,"34":0.3968087137,"35":0.3967993259,"36":0.3965209126,"37":0.3963080943,"38":0.3958934844,"39":0.3960402012,"40":0.3952069879,"41":0.3954426944,"42":0.3952284753,"43":0.3953224421,"44":0.3946803808,"45":0.3945215344,"46":0.3944771588,"47":0.3939393759,"48":0.3941014111,"49":0.3938393593,"50":0.3938929141,"51":0.3938184977,"52":0.3935156465,"53":0.39347592,"54":0.3940847814,"55":0.3935995698,"56":0.3935362995,"57":0.3929491937,"58":0.3930773735,"59":0.3929218054},"val_loss":{"0":0.7605680823,"1":0.7397786379,"2":0.7372297645,"3":0.7594199777,"4":0.6990138292,"5":0.7019051909,"6":0.6805295348,"7":0.6759624481,"8":0.6763381958,"9":0.6952441931,"10":0.6713212729,"11":0.6548797488,"12":0.6426129341,"13":0.6488774419,"14":0.6416407824,"15":0.632647872,"16":0.6341621876,"17":0.6424065232,"18":0.6292712092,"19":0.6406061053,"20":0.6528707743,"21":0.6332796812,"22":0.6322283745,"23":0.6461506486,"24":0.6173437238,"25":0.6158117056,"26":0.6136757731,"27":0.6153131127,"28":0.6433696747,"29":0.6242650151,"30":0.6235889196,"31":0.618526876,"32":0.61647439,"33":0.6110308766,"34":0.613032937,"35":0.609578073,"36":0.609496057,"37":0.6115769148,"38":0.6143023372,"39":0.6074729562,"40":0.6114180684,"41":0.6133526564,"42":0.6096948385,"43":0.6089242101,"44":0.6124041677,"45":0.6135041118,"46":0.607506156,"47":0.6139350533,"48":0.6275598407,"49":0.6103147268,"50":0.6105638146,"51":0.6083544493,"52":0.6074565649,"53":0.6147946119,"54":0.6099993587,"55":0.6087752581,"56":0.6194160581,"57":0.609826684,"58":0.6079775095,"59":0.6105646491},"val_mse":{"0":0.65357548,"1":0.6255657673,"2":0.6095145941,"3":0.6648151278,"4":0.5582478642,"5":0.5726182461,"6":0.5416577458,"7":0.5330632925,"8":0.535384655,"9":0.5621535778,"10":0.5308485627,"11":0.5060631037,"12":0.49077034,"13":0.5024295449,"14":0.4901863933,"15":0.4788072705,"16":0.4814786613,"17":0.4902321398,"18":0.4762506783,"19":0.4891236424,"20":0.5070857406,"21":0.4809555113,"22":0.4797834754,"23":0.4974913895,"24":0.462428689,"25":0.4587728977,"26":0.4567449689,"27":0.4586211443,"28":0.4943681657,"29":0.4695280194,"30":0.4721401632,"31":0.4634641111,"32":0.4603246152,"33":0.4543757141,"34":0.4553520977,"35":0.4522165954,"36":0.4522166252,"37":0.4559207559,"38":0.4583674669,"39":0.45053792,"40":0.4532047808,"41":0.4574040174,"42":0.453294307,"43":0.4515022635,"44":0.4564596117,"45":0.4594050944,"46":0.4498348534,"47":0.4604018033,"48":0.4768304825,"49":0.4538592398,"50":0.4537476897,"51":0.4531514049,"52":0.4502702653,"53":0.4617323279,"54":0.4538510442,"55":0.4531198144,"56":0.4627812505,"57":0.4522426724,"58":0.4523359537,"59":0.4535820484},"val_mae":{"0":0.5079244375,"1":0.4909573495,"2":0.4883176684,"3":0.4884288907,"4":0.4626865685,"5":0.4565637112,"6":0.4367016852,"7":0.4371265471,"8":0.4364912808,"9":0.438800931,"10":0.4323936403,"11":0.4171578884,"12":0.4081419706,"13":0.4159000814,"14":0.4129124582,"15":0.4031575322,"16":0.3996956646,"17":0.414560914,"18":0.4050869942,"19":0.4125628769,"20":0.4120823741,"21":0.4054554999,"22":0.40153265,"23":0.4113258123,"24":0.392603457,"25":0.394598037,"26":0.3924244642,"27":0.3925710917,"28":0.4110035598,"29":0.3984105885,"30":0.3948009014,"31":0.3913627267,"32":0.3945047557,"33":0.3865861595,"34":0.391073972,"35":0.3859438002,"36":0.3864808381,"37":0.3877680004,"38":0.3916551471,"39":0.3856074512,"40":0.3907366097,"41":0.3884617388,"42":0.3858889341,"43":0.3855870962,"44":0.387139231,"45":0.3883678615,"46":0.3848318756,"47":0.3871130049,"48":0.3935297132,"49":0.3866547942,"50":0.3901004791,"51":0.3853138685,"52":0.3855819404,"53":0.3906204998,"54":0.3842681944,"55":0.3873708248,"56":0.399171263,"57":0.3861857057,"58":0.3850204051,"59":0.3892947435}}