{"loss":{"0":0.8296145797,"1":0.7958191633,"2":0.7875350714,"3":0.7789563537,"4":0.773601234,"5":0.7769142389,"6":0.7691066265,"7":0.7656124234,"8":0.7645062208,"9":0.7612191439,"10":0.7562630773,"11":0.7496587634,"12":0.7471102476,"13":0.7433457375,"14":0.7392709851,"15":0.7373488545,"16":0.7337108254,"17":0.7316380739,"18":0.7277460694,"19":0.7253580093,"20":0.7228543162,"21":0.7185705304,"22":0.7153761387,"23":0.7123502493,"24":0.7113217115,"25":0.7082279921,"26":0.7071149945,"27":0.7047012448,"28":0.7034236789,"29":0.7023951411},"mse":{"0":0.7602114677,"1":0.7022987604,"2":0.6867476106,"3":0.6758436561,"4":0.6688308716,"5":0.6699351072,"6":0.6599876881,"7":0.655307889,"8":0.6516148448,"9":0.6451745629,"10":0.6386895776,"11":0.6326158047,"12":0.6280021667,"13":0.6212912798,"14":0.6158941388,"15":0.6131234169,"16":0.6069767475,"17":0.6058393121,"18":0.6014649868,"19":0.5976817012,"20":0.5936217308,"21":0.5880718827,"22":0.5835857987,"23":0.579164803,"24":0.5759274364,"25":0.5728669763,"26":0.5702891946,"27":0.5679839849,"28":0.5668319464,"29":0.5657635927},"mae":{"0":0.5277942419,"1":0.5061467886,"2":0.5001804233,"3":0.4944516122,"4":0.4918405414,"5":0.4909061193,"6":0.4872023463,"7":0.4846192002,"8":0.4816986918,"9":0.4786368012,"10":0.4745683074,"11":0.4702225029,"12":0.4679956138,"13":0.4634996653,"14":0.4605179727,"15":0.4575317204,"16":0.4537476897,"17":0.4525141716,"18":0.4504333735,"19":0.448269546,"20":0.4462170005,"21":0.443055898,"22":0.4384495616,"23":0.435154289,"24":0.4333594143,"25":0.4316777885,"26":0.43048805,"27":0.4290311038,"28":0.428137958,"29":0.4275895655},"val_loss":{"0":0.7916072607,"1":0.8291551471,"2":0.7703406811,"3":0.8355963826,"4":0.7635425925,"5":0.7956110239,"6":0.7503778934,"7":0.7483919263,"8":0.7587785721,"9":0.7304510474,"10":0.7533157468,"11":0.7170037627,"12":0.7115072608,"13":0.7304481268,"14":0.7135238051,"15":0.7080717683,"16":0.7070051432,"17":0.7499867678,"18":0.6968889832,"19":0.7176144719,"20":0.7487328649,"21":0.7791125178,"22":0.6927635074,"23":0.6864281297,"24":0.6761536598,"25":0.6846918464,"26":0.6779361367,"27":0.6734392047,"28":0.6769431829,"29":0.6768839955},"val_mse":{"0":0.6838360429,"1":0.7407542467,"2":0.649500668,"3":0.7484282851,"4":0.6379888058,"5":0.6879591942,"6":0.6220237613,"7":0.6159602404,"8":0.6322794557,"9":0.5929897428,"10":0.6253952384,"11":0.5728078485,"12":0.5656870604,"13":0.594537735,"14":0.5690658092,"15":0.5604038835,"16":0.559409678,"17":0.6193291545,"18":0.5477177501,"19":0.5751036406,"20":0.6198707819,"21":0.662997067,"22":0.5417149663,"23":0.5342797637,"24":0.521343708,"25":0.5304096937,"26":0.5227258801,"27":0.5160601139,"28":0.5210632086,"29":0.521410048},"val_mae":{"0":0.512857914,"1":0.5341343284,"2":0.4954017699,"3":0.531952858,"4":0.4934362769,"5":0.5073327422,"6":0.4755563736,"7":0.4806124568,"8":0.4797246456,"9":0.4619534016,"10":0.4781547189,"11":0.4518580437,"12":0.4501878619,"13":0.4638185501,"14":0.4518209696,"15":0.4475861788,"16":0.4409738481,"17":0.4795395434,"18":0.4379091859,"19":0.4517298937,"20":0.470217973,"21":0.4824685156,"22":0.4331314266,"23":0.4289858639,"24":0.4190070033,"25":0.4302015007,"26":0.4234470129,"27":0.4180734456,"28":0.4208075106,"29":0.4213149846}}