{"n_modelo": "BASE-LSTM", "epoch": 25, "BATCH_SIZE": 256, "INPUT_SHAPE": [83, 4], "n_unist-LSMT": 128, "name_optimizer": "RMSprop-lr5e-5", "name_function_activation": "linear", "name_function_loss": "rmse", "loss": [0.9832004308700562, 0.9394498467445374, 0.9165859222412109, 0.9002008438110352, 0.8874296545982361, 0.8719773292541504, 0.851396381855011, 0.8301856517791748, 0.8133852481842041, 0.7966357469558716, 0.7827507257461548, 0.7738085985183716, 0.7672892212867737, 0.761416494846344, 0.7555926442146301, 0.7530465126037598, 0.7511565685272217, 0.747540295124054, 0.7458667159080505, 0.7439303398132324, 0.7433833479881287, 0.7405964136123657, 0.7387378215789795, 0.7381188273429871, 0.7371400594711304], "mae": [0.6491360068321228, 0.6111634373664856, 0.5938025116920471, 0.580720841884613, 0.5701556205749512, 0.5601343512535095, 0.5481451153755188, 0.5372578501701355, 0.5273439288139343, 0.5182812213897705, 0.5102378726005554, 0.5041359663009644, 0.49925997853279114, 0.4953714907169342, 0.49230456352233887, 0.4892340302467346, 0.4870090186595917, 0.4850802421569824, 0.48328888416290283, 0.4816741347312927, 0.48049914836883545, 0.47901487350463867, 0.4781198501586914, 0.4769270122051239, 0.4757429361343384], "mape": [3158876.0, 3289681.0, 3523136.75, 3520352.75, 3433786.75, 3358876.0, 3324082.5, 3288559.5, 3211558.75, 3198957.5, 3148542.25, 3113881.75, 3115876.5, 3060462.0, 3066001.5, 3048268.25, 3035076.75, 3012451.25, 3002552.5, 2987389.5, 2984674.75, 2981696.25, 2967467.0, 2950498.25, 2932448.0], "val_loss": [0.9545851945877075, 0.9239640831947327, 0.9044656157493591, 0.8880731463432312, 0.8778097033500671, 0.8586386442184448, 0.8378641605377197, 0.8147512078285217, 0.797387957572937, 0.7850461602210999, 0.7714855670928955, 0.7658493518829346, 0.7607392072677612, 0.7558593153953552, 0.7517411708831787, 0.7483363151550293, 0.7463868856430054, 0.7443729639053345, 0.7419474124908447, 0.7393760085105896, 0.7389733791351318, 0.7391657829284668, 0.7353135347366333, 0.7348100543022156, 0.7345845103263855], "val_mae": [0.6230912804603577, 0.6029163599014282, 0.5901342630386353, 0.5716952681541443, 0.5744035243988037, 0.5543749332427979, 0.5429656505584717, 0.5345445275306702, 0.5200210213661194, 0.5061993598937988, 0.5017096996307373, 0.5077085494995117, 0.49144819378852844, 0.4973240792751312, 0.49112963676452637, 0.4872550964355469, 0.4847211241722107, 0.4846045970916748, 0.48926016688346863, 0.4823596179485321, 0.47648492455482483, 0.48684200644493103, 0.48222097754478455, 0.47728368639945984, 0.48561784625053406], "val_mape": [2792459.75, 3258670.25, 3353212.5, 3155694.0, 3176038.0, 3067710.5, 3014419.5, 3085259.75, 3101157.75, 3082011.0, 3073839.5, 3205260.25, 3103692.75, 3150473.0, 3088190.25, 2994357.75, 3102981.75, 2932497.5, 2933042.5, 3053842.0, 2841083.5, 3041457.0, 2907693.75, 2954456.5, 2973125.75], "train": [0.6750475764274597, 0.480296790599823, 2989545.75], "val": [0.6808307766914368, 0.48561763763427734, 2973127.25], "test": [0.6733013391494751, 0.48056814074516296, 2946059.0], "train rmse-mae-mape real": [35.63550266259163, 22.57395617752366, 0.5862366763033239], "val rmse-mae-mape real": [35.84438897393129, 22.824040105782146, 0.6042765035826256], "test rmse-mae-mape real": [35.243937994304424, 22.586693081021767, 0.5785515749154521], "range_links": [0, 82], "div_split": 83, "INPUT_LENGTH": 83, "OUTPUT_LENGTH": 1, "scaler": "Robust", "isCONV": false, "name_dataset": "travel_times.csv", "GPU": "NVIDIA GeForce RTX 3070 Ti Laptop GPU", "training_time": 164.7630739212036}