{"n_modelo": "BASE-LSTM", "epoch": 25, "BATCH_SIZE": 256, "INPUT_SHAPE": [83, 4], "n_unist-LSMT": 128, "name_optimizer": "RMSprop-lr5e-5", "name_function_activation": "linear", "name_function_loss": "rmse", "loss": [0.9810476899147034, 0.937597393989563, 0.9108445644378662, 0.8898540735244751, 0.8694119453430176, 0.8456785082817078, 0.8251423239707947, 0.8022149205207825, 0.7900934219360352, 0.7797620296478271, 0.7719584703445435, 0.7671653032302856, 0.7634644508361816, 0.75941002368927, 0.7547768950462341, 0.7531289458274841, 0.7515744566917419, 0.7480384111404419, 0.7463201880455017, 0.7439256906509399, 0.74323970079422, 0.7395059466362, 0.7368839383125305, 0.7356938719749451, 0.7340790629386902], "mae": [0.6473445296287537, 0.6089888215065002, 0.5885149836540222, 0.5722815990447998, 0.5580167770385742, 0.5448100566864014, 0.5343195796012878, 0.5225571393966675, 0.5137183666229248, 0.5070462822914124, 0.5013329982757568, 0.49734893441200256, 0.49399125576019287, 0.49102023243904114, 0.4890545606613159, 0.4869384765625, 0.48558035492897034, 0.4836365878582001, 0.48239436745643616, 0.48090705275535583, 0.47991806268692017, 0.47811904549598694, 0.47707316279411316, 0.4756790101528168, 0.47452327609062195], "mape": [3077323.0, 3190973.25, 3418187.0, 3399131.5, 3320767.25, 3245186.75, 3215071.25, 3196773.0, 3141469.75, 3086384.75, 3016327.25, 2981954.5, 2980627.0, 2913822.25, 2921187.75, 2886601.25, 2868817.5, 2860972.25, 2841810.0, 2862959.75, 2853983.75, 2835397.25, 2844899.0, 2819851.0, 2842119.0], "val_loss": [0.9525924921035767, 0.9204995036125183, 0.8967834115028381, 0.875299870967865, 0.8517982959747314, 0.8291578888893127, 0.8070838451385498, 0.7852293848991394, 0.7746208906173706, 0.7670919299125671, 0.7594013214111328, 0.7554389238357544, 0.7529528141021729, 0.7503417134284973, 0.7455191016197205, 0.7458416223526001, 0.7423739433288574, 0.7401809096336365, 0.7391843199729919, 0.7345357537269592, 0.7336265444755554, 0.7373183369636536, 0.7341240644454956, 0.7309955358505249, 0.7271616458892822], "val_mae": [0.6215944290161133, 0.6002287864685059, 0.581194281578064, 0.5644702911376953, 0.5567050576210022, 0.5379085540771484, 0.5277006030082703, 0.5190789699554443, 0.503847599029541, 0.49446219205856323, 0.49202248454093933, 0.49696093797683716, 0.48233938217163086, 0.4938019812107086, 0.4864230751991272, 0.48440152406692505, 0.47922852635383606, 0.4807695746421814, 0.4902726411819458, 0.47603949904441833, 0.4735032916069031, 0.48615553975105286, 0.4831008315086365, 0.4725421071052551, 0.47939664125442505], "val_mape": [2886734.25, 3293957.75, 3178818.25, 3110931.0, 3114099.0, 3008225.75, 3100198.75, 2983513.5, 2870477.75, 2959988.5, 2941989.0, 2900133.5, 2898424.25, 2926268.25, 2791272.0, 2839334.0, 2899303.5, 2779241.0, 2951509.75, 2792034.25, 2675351.75, 3032490.0, 2744306.5, 2741713.25, 2887009.75], "train": [0.6695516109466553, 0.4765182435512543, 2880484.0], "val": [0.6731676459312439, 0.4793965518474579, 2887012.0], "test": [0.6676578521728516, 0.47615426778793335, 2829148.75], "train rmse-mae-mape real": [35.38021010569882, 22.396330622232085, 0.5831994950911862], "val rmse-mae-mape real": [35.5225149066248, 22.531640231206886, 0.5979299971878442], "test rmse-mae-mape real": [34.982251293202836, 22.3792353130815, 0.5732393225167551], "range_links": [0, 82], "div_split": 83, "INPUT_LENGTH": 83, "OUTPUT_LENGTH": 1, "scaler": "Robust", "isCONV": false, "name_dataset": "travel_time_series-3361_samples.csv", "GPU": "NVIDIA GeForce RTX 3070 Ti Laptop GPU", "training_time": 177.3204584121704}