{"loss":{"0":0.7580119371,"1":0.7409889102,"2":0.7369318008,"3":0.7324754596,"4":0.7188714743,"5":0.7090598941,"6":0.6944362521,"7":0.6701758504,"8":0.664327085,"9":0.6608510017,"10":0.6587875485,"11":0.6575831771,"12":0.6564483047,"13":0.654766798,"14":0.65319556,"15":0.651493907,"16":0.6501591802,"17":0.6487714648,"18":0.647120297,"19":0.6449102163,"20":0.6439406872,"21":0.6439127326,"22":0.6422519088,"23":0.641289115,"24":0.6409486532,"25":0.6405676007,"26":0.6401162744,"27":0.6396196485,"28":0.6395599842,"29":0.6388667226,"30":0.6377189755,"31":0.6379518509,"32":0.6377572417,"33":0.6370483637,"34":0.6378751397,"35":0.6374286413,"36":0.6365059018,"37":0.6361407042,"38":0.6356977224,"39":0.63562572,"40":0.6354832053,"41":0.6354128718,"42":0.6355720162,"43":0.6342478991,"44":0.6347271204,"45":0.6349392533,"46":0.6344220638,"47":0.6342479587,"48":0.6343261003,"49":0.6337774992,"50":0.6335517764,"51":0.6338366866,"52":0.6331074834,"53":0.63266927,"54":0.6326947212,"55":0.6327410936,"56":0.6326225996,"57":0.6329071522,"58":0.6321828365,"59":0.6316056848,"60":0.6315378547,"61":0.6314662099,"62":0.6315526962,"63":0.6311915517,"64":0.6313684583,"65":0.631002903,"66":0.631018281,"67":0.6303457022,"68":0.6301794052,"69":0.6306346655,"70":0.6301454902,"71":0.6299105883,"72":0.6295666099,"73":0.6302387118,"74":0.6299980879,"75":0.6302067041,"76":0.6292757392,"77":0.6289622784,"78":0.6288083792,"79":0.6287812591,"80":0.6292886734,"81":0.628955245,"82":0.6281763911,"83":0.6287337542,"84":0.6281574965,"85":0.6277735233,"86":0.6277987957,"87":0.6278226376,"88":0.6278266907,"89":0.6274905205,"90":0.6271589994,"91":0.6273310184,"92":0.6272180676,"93":0.6274580956,"94":0.6266286969,"95":0.6266561747,"96":0.625905931,"97":0.6265442371,"98":0.62637043,"99":0.626178503},"mse":{"0":0.5781614184,"1":0.552218914,"2":0.5459907055,"3":0.5402421951,"4":0.5200427175,"5":0.5060873032,"6":0.485527873,"7":0.4523807168,"8":0.4445690811,"9":0.439730376,"10":0.4369949996,"11":0.4353341758,"12":0.4337651432,"13":0.4315361381,"14":0.4295279086,"15":0.4276309609,"16":0.4258198738,"17":0.423771292,"18":0.4217526317,"19":0.4188956618,"20":0.4175198674,"21":0.417476505,"22":0.4154321253,"23":0.4144427776,"24":0.4137293398,"25":0.4132634103,"26":0.4126081467,"27":0.4119426608,"28":0.4118403196,"29":0.4108814597,"30":0.4100629687,"31":0.4098500013,"32":0.4098139107,"33":0.4089590311,"34":0.4095078409,"35":0.408983171,"36":0.4080387652,"37":0.4078674018,"38":0.4070517421,"39":0.4070194066,"40":0.406512171,"41":0.4069781005,"42":0.4068290889,"43":0.4053853154,"44":0.4055964947,"45":0.4059023559,"46":0.4052691162,"47":0.4048427343,"48":0.4050189853,"49":0.4044664204,"50":0.4042532444,"51":0.4043135643,"52":0.4039741755,"53":0.40318048,"54":0.4032535851,"55":0.4031812251,"56":0.4030729532,"57":0.4031102657,"58":0.4023562074,"59":0.4018817544,"60":0.401576221,"61":0.401370883,"62":0.4015753269,"63":0.4011777639,"64":0.4016394317,"65":0.4011193216,"66":0.400778085,"67":0.4003102481,"68":0.4000118971,"69":0.4002832472,"70":0.4000270963,"71":0.4000346065,"72":0.3989720345,"73":0.3999131024,"74":0.3995968699,"75":0.3998790979,"76":0.3986175656,"77":0.3987881839,"78":0.3983315527,"79":0.3987983763,"80":0.3989066482,"81":0.3981567621,"82":0.3974899948,"83":0.39801687,"84":0.3977721632,"85":0.3971980214,"86":0.3970175087,"87":0.3968444765,"88":0.397007674,"89":0.3966228962,"90":0.3964509368,"91":0.3963506818,"92":0.3958902061,"93":0.3965673745,"94":0.39537099,"95":0.3956925273,"96":0.394962132,"97":0.3953351974,"98":0.395177871,"99":0.3949762285},"mae":{"0":0.5707870126,"1":0.5578325391,"2":0.5545828342,"3":0.550914228,"4":0.5417788029,"5":0.535261929,"6":0.5263540149,"7":0.5114642382,"8":0.5070227385,"9":0.5044828653,"10":0.502872467,"11":0.5019762516,"12":0.500852108,"13":0.5000715256,"14":0.498922646,"15":0.4975074232,"16":0.4962553978,"17":0.495774895,"18":0.4939766824,"19":0.4927129149,"20":0.4916173816,"21":0.4919627011,"22":0.4905641675,"23":0.4899016023,"24":0.4896919727,"25":0.4893804491,"26":0.4887295067,"27":0.4882843792,"28":0.4885499179,"29":0.4879102111,"30":0.48738873,"31":0.4872283041,"32":0.4872664511,"33":0.4863725305,"34":0.4873012304,"35":0.4867692292,"36":0.4859355986,"37":0.4859566391,"38":0.4857327342,"39":0.4857191443,"40":0.4851040542,"41":0.4853822291,"42":0.4857556522,"43":0.4848376215,"44":0.4849888086,"45":0.4849296808,"46":0.4845985472,"47":0.4843312502,"48":0.4847438931,"49":0.4840784967,"50":0.4839683771,"51":0.4839367867,"52":0.4838497043,"53":0.4832681119,"54":0.483483851,"55":0.4833194613,"56":0.483039856,"57":0.483132869,"58":0.4824405611,"59":0.4822572768,"60":0.4821668565,"61":0.4821718335,"62":0.4818590581,"63":0.4817560017,"64":0.4824377,"65":0.4818340242,"66":0.4815208614,"67":0.4813103676,"68":0.4809978604,"69":0.4812350571,"70":0.4812341928,"71":0.4806858301,"72":0.4803292751,"73":0.481156081,"74":0.4811503887,"75":0.480705291,"76":0.4800671339,"77":0.4802718461,"78":0.4798567295,"79":0.4798949063,"80":0.4802142978,"81":0.4796697199,"82":0.4795794785,"83":0.4794146419,"84":0.4797230959,"85":0.4793489873,"86":0.4789355397,"87":0.4788732231,"88":0.4789800644,"89":0.4788682163,"90":0.4788074493,"91":0.4786966145,"92":0.4786209166,"93":0.4789533913,"94":0.478199631,"95":0.4784465432,"96":0.4774018824,"97":0.4781927764,"98":0.4779598117,"99":0.4777611792},"val_loss":{"0":0.8584572077,"1":0.7658395767,"2":0.7587410808,"3":0.7463404536,"4":0.7334930301,"5":0.7287208438,"6":0.6932693124,"7":0.6827046871,"8":0.6796138287,"9":0.6807870865,"10":0.6743111014,"11":0.6753252745,"12":0.6742732525,"13":0.6716969013,"14":0.6746255755,"15":0.6679453254,"16":0.6671262383,"17":0.663624227,"18":0.6621248722,"19":0.6579042077,"20":0.658234477,"21":0.6596273184,"22":0.6579230428,"23":0.655063808,"24":0.656891346,"25":0.6553820372,"26":0.6560119987,"27":0.6562751532,"28":0.6548000574,"29":0.6577889323,"30":0.656983614,"31":0.6572551727,"32":0.655490458,"33":0.6560106277,"34":0.6535096765,"35":0.6530418396,"36":0.6536926627,"37":0.6563946605,"38":0.6538673639,"39":0.6497324109,"40":0.6496707201,"41":0.650196135,"42":0.6563162208,"43":0.6513369083,"44":0.6527603865,"45":0.6515311599,"46":0.6473506093,"47":0.6479167342,"48":0.6528570652,"49":0.6473958492,"50":0.6505525112,"51":0.6467721462,"52":0.6486512423,"53":0.6493878961,"54":0.6487210989,"55":0.649770081,"56":0.6485101581,"57":0.6440426707,"58":0.6466285586,"59":0.6454014778,"60":0.6450954676,"61":0.6498631239,"62":0.6458925605,"63":0.6427475214,"64":0.6442963481,"65":0.6450532675,"66":0.6443210244,"67":0.6466895938,"68":0.6426612735,"69":0.6424432397,"70":0.6405800581,"71":0.6439735889,"72":0.6401467323,"73":0.642952323,"74":0.6408353448,"75":0.6397053599,"76":0.6405330896,"77":0.6408892274,"78":0.6394489408,"79":0.6437582374,"80":0.6469194889,"81":0.6391297579,"82":0.6378074884,"83":0.6375666857,"84":0.6399970651,"85":0.6391947865,"86":0.638425827,"87":0.6369408965,"88":0.6391097307,"89":0.6380012035,"90":0.6402472258,"91":0.6380519867,"92":0.638030827,"93":0.6383342743,"94":0.6388327479,"95":0.6388167143,"96":0.6350161433,"97":0.6372517347,"98":0.6387701035,"99":0.6422130466},"val_mse":{"0":0.7430221438,"1":0.5909610987,"2":0.5803890824,"3":0.5618438721,"4":0.5427936316,"5":0.5359995365,"6":0.4858301282,"7":0.4712131321,"8":0.4669889212,"9":0.4686600268,"10":0.4594545066,"11":0.4609848559,"12":0.4594961405,"13":0.4561517239,"14":0.4603243172,"15":0.4508770406,"16":0.4496963024,"17":0.4450374246,"18":0.4430170357,"19":0.4373800457,"20":0.4376346469,"21":0.4396508634,"22":0.4374834299,"23":0.4335187972,"24":0.4357215762,"25":0.4340937436,"26":0.4348435104,"27":0.4350943565,"28":0.4329742789,"29":0.4370865524,"30":0.4359406233,"31":0.4362638295,"32":0.4341802597,"33":0.4346421361,"34":0.4314239025,"35":0.4308208227,"36":0.4315547347,"37":0.4351529479,"38":0.4317995906,"39":0.4260321558,"40":0.426094383,"41":0.4268632829,"42":0.4350096881,"43":0.428321898,"44":0.4302217066,"45":0.4286850393,"46":0.4230768383,"47":0.4236598611,