{"loss": [0.7547535300254822, 0.7345879673957825, 0.7152971625328064, 0.6903200149536133, 0.6814928650856018, 0.6780240535736084, 0.676249623298645, 0.6750707030296326, 0.6739464402198792, 0.672917902469635, 0.6708496809005737, 0.6697879433631897, 0.6667907238006592, 0.66395103931427, 0.6596049070358276, 0.6463940739631653, 0.6302418112754822, 0.6244081258773804, 0.6227155923843384, 0.620191216468811, 0.6189678311347961, 0.6184436678886414, 0.6166901588439941, 0.616495668888092, 0.6164834499359131, 0.6150141954421997, 0.6139233708381653, 0.6135726571083069, 0.6132654547691345, 0.6122123003005981, 0.6123667359352112, 0.6111907362937927, 0.6101423501968384, 0.6098357439041138, 0.6086174249649048, 0.6077874302864075, 0.6081879734992981, 0.6068974137306213, 0.6064661145210266, 0.6058584451675415, 0.6053714156150818, 0.6056637763977051, 0.6052027344703674, 0.6047804951667786, 0.6045691967010498, 0.6042454838752747, 0.6033177971839905, 0.6031255125999451, 0.6034329533576965, 0.6029179692268372, 0.6037089824676514, 0.6021454334259033, 0.6027582287788391, 0.6015368103981018, 0.6015994548797607, 0.6019478440284729, 0.6014989614486694, 0.6013986468315125, 0.6004762649536133, 0.600968599319458, 0.6008824706077576, 0.6009889245033264, 0.6006642580032349, 0.6006637215614319, 0.6013543009757996, 0.600772500038147, 0.6004654765129089, 0.6002811789512634, 0.6001570820808411, 0.5997377038002014, 0.5994894504547119, 0.5993312001228333, 0.5998783111572266, 0.5994519591331482, 0.5986465811729431, 0.599210262298584, 0.5989468693733215, 0.5982102155685425, 0.5988693833351135, 0.5982397794723511, 0.5983535051345825, 0.5984044075012207, 0.598699152469635, 0.597714900970459, 0.5977421402931213, 0.5976898074150085, 0.5977756381034851, 0.5975919365882874, 0.5972880125045776, 0.597239077091217, 0.5978288650512695, 0.5968061089515686, 0.5972799062728882, 0.5970844626426697, 0.5967159867286682, 0.5967453122138977, 0.5969297885894775, 0.5966297388076782, 0.5964838862419128, 0.5965965986251831], "mse": [0.5746650695800781, 0.5436483025550842, 0.5153765678405762, 0.4796666204929352, 0.467376172542572, 0.4631337821483612, 0.4602920711040497, 0.4587234556674957, 0.4570930600166321, 0.4559060037136078, 0.4534650444984436, 0.45122331380844116, 0.4478593170642853, 0.44383180141448975, 0.4382839798927307, 0.42095449566841125, 0.40051013231277466, 0.39290815591812134, 0.3908141255378723, 0.38766488432884216, 0.3865438997745514, 0.3854222893714905, 0.38351675868034363, 0.3830994665622711, 0.38288894295692444, 0.38105088472366333, 0.38001781702041626, 0.37945136427879333, 0.3792569041252136, 0.3780330717563629, 0.37782198190689087, 0.3765885531902313, 0.3755851089954376, 0.3748570680618286, 0.37366750836372375, 0.3724491596221924, 0.37283855676651, 0.3711804151535034, 0.3705992102622986, 0.3702384829521179, 0.3698577582836151, 0.36983075737953186, 0.3689899444580078, 0.3686453104019165, 0.3684755265712738, 0.368023544549942, 0.3670240342617035, 0.3671315014362335, 0.3669250011444092, 0.3666905462741852, 0.36728435754776, 0.3654698133468628, 0.3662327229976654, 0.3649147152900696, 0.365225613117218, 0.3655971586704254, 0.36492079496383667, 0.36466553807258606, 0.36388567090034485, 0.36424654722213745, 0.36471396684646606, 0.36383986473083496, 0.36385324597358704, 0.3635864555835724, 0.3644699454307556, 0.3639596700668335, 0.3638504445552826, 0.36301329731941223, 0.3630661368370056, 0.36297598481178284, 0.36267000436782837, 0.36207979917526245, 0.36276283860206604, 0.3628059923648834, 0.3611921966075897, 0.36201396584510803, 0.36172664165496826, 0.36104848980903625, 0.36159607768058777, 0.36102113127708435, 0.36115625500679016, 0.3610450327396393, 0.3611330986022949, 0.36024925112724304, 0.36020636558532715, 0.3606034219264984, 0.3604682683944702, 0.36021822690963745, 0.3600347340106964, 0.3599476218223572, 0.36037859320640564, 0.359882652759552, 0.3597967028617859, 0.35947927832603455, 0.358946293592453, 0.3593207895755768, 0.35905879735946655, 0.3586598038673401, 0.35887864232063293, 0.3589884638786316], "mae": [0.543014645576477, 0.5304247140884399, 0.5210344791412354, 0.5090587139129639, 0.5035464763641357, 0.5008177757263184, 0.499487042427063, 0.4985000193119049, 0.4976935386657715, 0.49712425470352173, 0.49534985423088074, 0.49422723054885864, 0.49296116828918457, 0.49130257964134216, 0.488918662071228, 0.47932255268096924, 0.4684191644191742, 0.464281290769577, 0.46320492029190063, 0.46104153990745544, 0.4606872498989105, 0.4597660303115845, 0.4588165879249573, 0.4584195017814636, 0.4582849144935608, 0.45754945278167725, 0.4564664959907532, 0.45634183287620544, 0.4559295177459717, 0.45488664507865906, 0.4547370672225952, 0.45430314540863037, 0.45316728949546814, 0.45278817415237427, 0.45286935567855835, 0.4517013728618622, 0.4519328773021698, 0.45129701495170593, 0.4505287706851959, 0.45015332102775574, 0.4499213397502899, 0.45007777214050293, 0.4493636190891266, 0.44915202260017395, 0.4493735432624817, 0.44893595576286316, 0.44836121797561646, 0.4483468532562256, 0.44785526394844055, 0.44812867045402527, 0.44832926988601685, 0.44700542092323303, 0.4477044939994812, 0.44717490673065186, 0.4468978941440582, 0.4471779763698578, 0.4470960199832916, 0.44665026664733887, 0.4465816617012024, 0.44654303789138794, 0.447037935256958, 0.44628116488456726, 0.446353554725647, 0.4461219310760498, 0.4465695917606354, 0.44632798433303833, 0.4459834098815918, 0.4457503855228424, 0.4459039270877838, 0.4458332359790802, 0.4457336664199829, 0.4453127980232239, 0.4454021453857422, 0.4454769790172577, 0.44472217559814453, 0.4451338052749634, 0.44499221444129944, 0.44479599595069885, 0.4449124336242676, 0.44456207752227783, 0.44432371854782104, 0.4447113871574402, 0.4446472227573395, 0.4440324604511261, 0.44414833188056946, 0.44430842995643616, 0.4441715478897095, 0.4440262019634247, 0.4438425898551941, 0.4440292418003082, 0.44419407844543457, 0.44381922483444214, 0.44360682368278503, 0.4435902237892151, 0.44359466433525085, 0.44354110956192017, 0.4431617856025696, 0.44337043166160583, 0.4433960020542145, 0.4433850646018982],