{"loss": [0.9140960574150085, 0.8438591957092285, 0.8264843821525574, 0.8140414357185364, 0.8113545179367065, 0.8028218746185303, 0.80038982629776, 0.7966390252113342, 0.7956899404525757, 0.7926512360572815, 0.7886607646942139, 0.785306990146637, 0.7829861044883728, 0.7809395790100098, 0.7748571038246155, 0.7764697670936584, 0.7718760371208191, 0.7692191004753113, 0.7683440446853638, 0.7637568116188049, 0.7616003751754761, 0.7603569030761719, 0.755801796913147, 0.7542095184326172, 0.7515676617622375, 0.7496484518051147, 0.7494257092475891, 0.747058629989624, 0.7445295453071594, 0.7427359819412231, 0.7395971417427063, 0.7380304932594299, 0.7369046211242676, 0.7354527115821838, 0.734778106212616, 0.7305097579956055, 0.7308027148246765, 0.7289960384368896, 0.7301303148269653, 0.728357195854187, 0.7256125211715698, 0.724022388458252, 0.7243286967277527, 0.7211412787437439, 0.718540608882904, 0.719648540019989, 0.7179070711135864, 0.7174649238586426, 0.7172846794128418, 0.7144453525543213, 0.716019868850708, 0.7148663401603699, 0.7139445543289185, 0.7082127928733826, 0.7117452621459961, 0.711342453956604, 0.7101298570632935, 0.7064750790596008, 0.7076991200447083, 0.7072170376777649, 0.7072798013687134, 0.707365095615387, 0.7049176692962646, 0.7048606872558594, 0.7037332057952881, 0.7035956978797913, 0.7025386691093445, 0.7022922039031982, 0.6986593008041382, 0.7001637816429138, 0.701535701751709, 0.6994811296463013, 0.698849081993103, 0.6979370713233948, 0.697184681892395, 0.6972305774688721, 0.6979458332061768, 0.6970279216766357, 0.6951957941055298, 0.6958476305007935, 0.6938589811325073, 0.6936075687408447, 0.6939123868942261, 0.6921348571777344, 0.6913195848464966, 0.6893096566200256, 0.6920869946479797, 0.6924357414245605, 0.6896160244941711, 0.6862431168556213, 0.6890878677368164, 0.6892688274383545, 0.6874362826347351, 0.687591016292572, 0.687907874584198, 0.6861978769302368, 0.6876923441886902, 0.6880003809928894, 0.6865920424461365, 0.6881224513053894], "mse": [0.9107027649879456, 0.7879983186721802, 0.7591400146484375, 0.7414413690567017, 0.7333629727363586, 0.7204123735427856, 0.7143750190734863, 0.7071752548217773, 0.7069419622421265, 0.6995924115180969, 0.6969267725944519, 0.6907904744148254, 0.6846774816513062, 0.6822755932807922, 0.6754961609840393, 0.675731897354126, 0.668517529964447, 0.6636413335800171, 0.6609175801277161, 0.6577752232551575, 0.649535596370697, 0.6474725008010864, 0.6440693140029907, 0.6399709582328796, 0.635739266872406, 0.6328595876693726, 0.6323954463005066, 0.6283392310142517, 0.6256524920463562, 0.6224836707115173, 0.6207330226898193, 0.6176478862762451, 0.615936815738678, 0.6129096150398254, 0.6111572980880737, 0.6076250076293945, 0.6044147610664368, 0.6027213931083679, 0.6028004884719849, 0.6004539132118225, 0.5999277234077454, 0.5966416001319885, 0.5958170890808105, 0.5918508768081665, 0.5901684165000916, 0.5879939794540405, 0.5851085186004639, 0.5862417221069336, 0.5861193537712097, 0.5839985609054565, 0.5835731029510498, 0.5827505588531494, 0.5805665850639343, 0.5790895819664001, 0.5774411559104919, 0.5783733129501343, 0.5761483311653137, 0.57284015417099, 0.5733690857887268, 0.5720983743667603, 0.5713035464286804, 0.5722824335098267, 0.568294107913971, 0.5691611170768738, 0.5672556757926941, 0.5672451853752136, 0.5661962628364563, 0.5631241798400879, 0.5640368461608887, 0.562408983707428, 0.5629188418388367, 0.563592791557312, 0.5601323246955872, 0.5612460970878601, 0.5585927963256836, 0.5588460564613342, 0.5586360692977905, 0.5586517453193665, 0.5542026162147522, 0.5552796721458435, 0.5541394948959351, 0.5545328259468079, 0.5535070300102234, 0.5523208379745483, 0.5514545440673828, 0.5504730939865112, 0.5531921982765198, 0.5503171682357788, 0.5484821200370789, 0.5468072295188904, 0.5479080677032471, 0.549991250038147, 0.5474252700805664, 0.5462332963943481, 0.5466693043708801, 0.5439485311508179, 0.546057403087616, 0.5462988615036011, 0.5430957078933716, 0.5455030202865601], "mae": [0.5787845849990845, 0.5358055830001831, 0.5250411033630371, 0.5183137059211731, 0.514311671257019, 0.5105922222137451, 0.5076990723609924, 0.5044235587120056, 0.5034817457199097, 0.5008063912391663, 0.4983097016811371, 0.49647024273872375, 0.49389660358428955, 0.4916304051876068, 0.48881712555885315, 0.48748525977134705, 0.4842858910560608, 0.4817880690097809, 0.4809975028038025, 0.47843965888023376, 0.47659990191459656, 0.47414177656173706, 0.4718572199344635, 0.4701025187969208, 0.4686757028102875, 0.46746090054512024, 0.4659581482410431, 0.46477800607681274, 0.4632280468940735, 0.46176958084106445, 0.4602561891078949, 0.4589890241622925, 0.45702967047691345, 0.4565730690956116, 0.45465272665023804, 0.45385584235191345, 0.45206332206726074, 0.45056942105293274, 0.45055630803108215, 0.449256956577301, 0.44813552498817444, 0.4467921257019043, 0.44581955671310425, 0.4446112811565399, 0.443485826253891, 0.44308772683143616, 0.44129642844200134, 0.44107410311698914, 0.44144073128700256, 0.4400951862335205, 0.4388074278831482, 0.43876203894615173, 0.4377806782722473, 0.4373491704463959, 0.43658965826034546, 0.436067670583725, 0.43585285544395447, 0.4343779385089874, 0.4334060847759247, 0.43330779671669006, 0.43193963170051575, 0.43248069286346436, 0.43091416358947754, 0.43155011534690857, 0.4298774003982544, 0.4293450713157654, 0.42900794744491577, 0.4283590018749237, 0.42795124650001526, 0.4276135563850403, 0.4267907440662384, 0.4264950454235077, 0.42562079429626465, 0.4259883165359497, 0.4248734414577484, 0.4245569109916687, 0.4238958954811096, 0.42358237504959106, 0.4228000044822693, 0.4226073622703552, 0.4218960702419281, 0.4218733310699463, 0.42194417119026184, 0.42086926102638245, 0.42026469111442566, 0.4198392629623413, 0.42066341638565063, 0.41991421580314636, 0.41846826672554016, 0.417972594499588, 0.41872289776802063, 0.4184817671775818, 0.4173545837402344, 0.4175403416156769, 0.4171184301376343, 0.41654568910598755, 0.4170077443122864, 0.41665396094322205, 0.41587144136428833, 0.4165475368499756],