{"loss": [0.746415376663208, 0.7221113443374634, 0.7116775512695312, 0.7025598883628845, 0.6972018480300903, 0.6925021409988403, 0.6852633357048035, 0.67857825756073, 0.6743811964988708, 0.6689236760139465, 0.6650848984718323, 0.6608603596687317, 0.6574658751487732, 0.6539615392684937, 0.6503457427024841, 0.6459829211235046, 0.6429287791252136, 0.6399480700492859, 0.6371746063232422, 0.6337009072303772, 0.6324387192726135, 0.6316869258880615, 0.6294025182723999, 0.6283066272735596, 0.6276314854621887, 0.6269837617874146, 0.6255410313606262, 0.623460590839386, 0.6239035725593567, 0.622926652431488, 0.621947169303894, 0.6216591000556946, 0.6211654543876648, 0.6204370260238647, 0.6201828122138977, 0.6189388036727905, 0.6181384325027466, 0.6183279156684875, 0.6181893348693848, 0.6181445121765137, 0.617473304271698, 0.616039514541626, 0.616706132888794, 0.6159414649009705, 0.6153554916381836, 0.6149811744689941, 0.6149881482124329, 0.6140128970146179, 0.6135303378105164, 0.6132925152778625, 0.6122646331787109, 0.6125391125679016, 0.6113647222518921, 0.611411988735199, 0.611014723777771, 0.6106556057929993, 0.611070454120636, 0.6107451319694519, 0.6099245548248291, 0.6101350784301758, 0.609534740447998, 0.6095147132873535, 0.6092870235443115, 0.6076831221580505, 0.6079748272895813, 0.6075056195259094, 0.6091356873512268, 0.6073535680770874, 0.6073549389839172, 0.6067265868186951, 0.6061549186706543, 0.6060900688171387, 0.6057053804397583, 0.606450080871582, 0.6057494878768921, 0.6060567498207092, 0.6053393483161926, 0.6051478981971741, 0.6054761409759521, 0.6040830612182617, 0.6044122576713562, 0.6044652462005615, 0.6042982935905457, 0.60389244556427, 0.6032047271728516, 0.6032965779304504, 0.6030393242835999, 0.6030899286270142, 0.6025264859199524, 0.6023613214492798, 0.6009854078292847, 0.6021949052810669, 0.6029571890830994, 0.601858913898468, 0.6002851724624634, 0.6016689538955688, 0.6013361215591431, 0.6019331216812134, 0.6009153127670288, 0.60079425573349], "mse": [0.5609633326530457, 0.5245075821876526, 0.5094088912010193, 0.49728861451148987, 0.48919254541397095, 0.48283568024635315, 0.4727065861225128, 0.46382299065589905, 0.45814746618270874, 0.4507938325405121, 0.4453708231449127, 0.4396536648273468, 0.43523746728897095, 0.43055328726768494, 0.42608484625816345, 0.420634388923645, 0.41655436158180237, 0.4126679003238678, 0.4090571403503418, 0.40454766154289246, 0.4027806222438812, 0.4018184542655945, 0.3991495370864868, 0.397946298122406, 0.39697331190109253, 0.39592427015304565, 0.39411866664886475, 0.39180269837379456, 0.3919958472251892, 0.39086344838142395, 0.39030104875564575, 0.38933369517326355, 0.38894161581993103, 0.3880431652069092, 0.38721224665641785, 0.38573697209358215, 0.38506218791007996, 0.3856734335422516, 0.3849671185016632, 0.3851531744003296, 0.3839820623397827, 0.3827153146266937, 0.3832797110080719, 0.3826350271701813, 0.3814491927623749, 0.38094669580459595, 0.38104525208473206, 0.379576712846756, 0.37912267446517944, 0.37894272804260254, 0.37777864933013916, 0.37771040201187134, 0.376907080411911, 0.37661057710647583, 0.37617459893226624, 0.37572595477104187, 0.3763526380062103, 0.3755783438682556, 0.3747251331806183, 0.37509769201278687, 0.37422335147857666, 0.37411636114120483, 0.37395215034484863, 0.3719095289707184, 0.37255439162254333, 0.3719157874584198, 0.373609721660614, 0.3719009459018707, 0.3717249035835266, 0.3706932067871094, 0.3701787292957306, 0.3704318106174469, 0.3694508671760559, 0.3705404996871948, 0.36956581473350525, 0.3700198531150818, 0.36896762251853943, 0.3694794476032257, 0.3695217967033386, 0.3682518005371094, 0.3682672679424286, 0.3678833246231079, 0.3679600656032562, 0.36741501092910767, 0.3670005202293396, 0.3669739365577698, 0.36640921235084534, 0.36631184816360474, 0.36564791202545166, 0.3656330108642578, 0.36412790417671204, 0.3654017746448517, 0.3659210205078125, 0.3650403916835785, 0.3629460036754608, 0.3648589849472046, 0.364580899477005, 0.3650107681751251, 0.36386433243751526, 0.36380815505981445], "mae": [0.5595249533653259, 0.543586254119873, 0.5356700420379639, 0.5288801789283752, 0.5245519876480103, 0.5210162401199341, 0.5157751441001892, 0.5117087364196777, 0.5086055994033813, 0.5052931308746338, 0.502400815486908, 0.4996325373649597, 0.49723032116889954, 0.4953378438949585, 0.4930393397808075, 0.49004092812538147, 0.4876381456851959, 0.485544353723526, 0.4838578701019287, 0.4808504283428192, 0.47977012395858765, 0.47909843921661377, 0.4778318703174591, 0.47692790627479553, 0.4765678644180298, 0.4759102165699005, 0.4746493995189667, 0.4736447036266327, 0.4735926687717438, 0.47272789478302, 0.47304296493530273, 0.4720066785812378, 0.4719519019126892, 0.47142520546913147, 0.4709090292453766, 0.47005829215049744, 0.46964141726493835, 0.4695779085159302, 0.4697270393371582, 0.4697561264038086, 0.4693590998649597, 0.46846386790275574, 0.4683414101600647, 0.4680929183959961, 0.4672132134437561, 0.4669105112552643, 0.46663323044776917, 0.4658728241920471, 0.46587663888931274, 0.4653418958187103, 0.4649393856525421, 0.46476325392723083, 0.4643920958042145, 0.4644031822681427, 0.4634818136692047, 0.46327900886535645, 0.4636514186859131, 0.4631929397583008, 0.46233659982681274, 0.46244341135025024, 0.4623457193374634, 0.4625839591026306, 0.46212339401245117, 0.46113091707229614, 0.4615856409072876, 0.46080103516578674, 0.46193546056747437, 0.4611473083496094, 0.4608401358127594, 0.460312157869339, 0.4597051441669464, 0.4599747061729431, 0.45908814668655396, 0.45979106426239014, 0.4594809114933014, 0.45950955152511597, 0.4589506685733795, 0.45960113406181335, 0.4594557285308838, 0.459034264087677, 0.45857465267181396, 0.45810094475746155, 0.45838287472724915, 0.45782941579818726, 0.458211749792099, 0.45748087763786316, 0.45774585008621216, 0.4576396048069, 0.4570152759552002, 0.45716097950935364, 0.45633289217948914, 0.45638954639434814, 0.45704779028892517, 0.4565815329551697, 0.45555534958839417, 0.4561677873134613, 0.4555981457233429, 0.4563958942890167, 0.455792099237442, 0.4553508460521698],